{
  "version": "1.0",
  "defaultProvider": "cdnjs",
  "libraries": [
    {
      "library": "twitter-bootstrap@4.5.3",
      "destination": "wwwroot/lib/twitter-bootstrap/",
      "files": [
        "js/bootstrap.min.js",
        "css/bootstrap-grid.css",
        "css/bootstrap-grid.css.map",
        "css/bootstrap-grid.min.css",
        "css/bootstrap-grid.min.css.map",
        "css/bootstrap-reboot.css",
        "css/bootstrap-reboot.css.map",
        "css/bootstrap-reboot.min.css",
        "css/bootstrap-reboot.min.css.map",
        "css/bootstrap.css",
        "css/bootstrap.css.map",
        "css/bootstrap.min.css",
        "css/bootstrap.min.css.map",
        "js/bootstrap.min.js.map",
        "js/bootstrap.js.map",
        "js/bootstrap.js",
        "js/bootstrap.bundle.min.js.map",
        "js/bootstrap.bundle.min.js",
        "js/bootstrap.bundle.js.map",
        "js/bootstrap.bundle.js"
      ]
    }
  ]
}